dimension,n,mean_abs_delta,median,p90,p95,p99,max,exact_match_%,within_0.01_%,within_0.03_%,within_0.05_%
NoveltyScore,1000,0.008347700000000003,0.0050000000000000044,0.017999999999999915,0.023320000000000077,0.03872999999999993,0.32020000000000004,12.6,72.3,97.7,99.4
Uniqueness,1000,0.0140715,0.010000000000000009,0.031000000000000028,0.036049999999999985,0.06800999999999995,0.37,14.299999999999999,46.300000000000004,89.3,98.0
Tension,1000,0.00145,0.0,0.0,0.0,0.0,0.3,99.5,99.5,99.5,99.5
Synthesis,1000,0.022321999999999998,0.021600000000000064,0.04610000000000003,0.04811000000000002,0.06300200000000006,0.08529999999999993,9.5,16.1,67.2,96.0
Coherence,1000,0.0005498,0.0,0.0,0.0,0.0,0.25,99.3,99.4,99.7,99.8
